-- phpMyAdmin SQL Dump
-- version 5.2.0
-- https://www.phpmyadmin.net/
--
-- Host: 127.0.0.1
-- Generation Time: Mar 14, 2023 at 01:17 AM
-- Server version: 10.4.24-MariaDB
-- PHP Version: 8.1.6

SET SQL_MODE = "NO_AUTO_VALUE_ON_ZERO";
START TRANSACTION;
SET time_zone = "+00:00";


/*!40101 SET @OLD_CHARACTER_SET_CLIENT=@@CHARACTER_SET_CLIENT */;
/*!40101 SET @OLD_CHARACTER_SET_RESULTS=@@CHARACTER_SET_RESULTS */;
/*!40101 SET @OLD_COLLATION_CONNECTION=@@COLLATION_CONNECTION */;
/*!40101 SET NAMES utf8mb4 */;

--
-- Database: `judging`
--

-- --------------------------------------------------------

--
-- Table structure for table `category`
--

CREATE TABLE `category` (
  `category_id` int(11) NOT NULL,
  `category_name` varchar(255) NOT NULL
) ENGINE=InnoDB DEFAULT CHARSET=utf8mb4;

--
-- Dumping data for table `category`
--

INSERT INTO `category` (`category_id`, `category_name`) VALUES
(1, 'SPORTS'),
(2, 'CULTURAL');

-- --------------------------------------------------------

--
-- Table structure for table `criteria`
--

CREATE TABLE `criteria` (
  `criteria_id` int(11) NOT NULL,
  `criteria` varchar(255) NOT NULL,
  `description` varchar(255) NOT NULL,
  `percentage` int(11) NOT NULL,
  `program_id` int(11) NOT NULL,
  `status` int(11) NOT NULL
) ENGINE=InnoDB DEFAULT CHARSET=utf8mb4;

--
-- Dumping data for table `criteria`
--

INSERT INTO `criteria` (`criteria_id`, `criteria`, `description`, `percentage`, `program_id`, `status`) VALUES
(1, 'Talent, Skill', 'Originality, Ability, Quality', 40, 1, 0),
(2, 'Stage Presence', 'Creativity, Resourcefulness, Props and Music', 30, 1, 0),
(3, 'Overall Impact', 'Entertainment Factor', 30, 1, 0),
(10, 'TALENT', '', 25, 8, 0),
(11, 'PRODUCTION', '', 15, 8, 0),
(12, 'SCHOOL UNIFORM', '', 10, 8, 0),
(13, 'FORMAL WEAR', '', 25, 8, 0),
(14, 'QUESTION AND ANSWER', '', 25, 8, 0),
(15, 'TALENT', '', 25, 9, 0),
(16, 'PRODUCTION', '', 15, 9, 0),
(17, 'SCHOOL UNIFORM', '', 10, 9, 0),
(18, 'FORMAL WEAR', '', 25, 9, 0),
(19, 'QUESTION AND ANSWER', '', 25, 9, 0),
(25, 'Criteria 1', 'Criteria 1', 10, 12, 0),
(26, 'Criteria 2', '', 30, 12, 0),
(27, 'Criteria 3', '', 40, 12, 0),
(28, 'Criteria 4', '', 20, 12, 0);

-- --------------------------------------------------------

--
-- Table structure for table `department`
--

CREATE TABLE `department` (
  `department_id` int(11) NOT NULL,
  `department_name` varchar(255) NOT NULL
) ENGINE=InnoDB DEFAULT CHARSET=utf8mb4;

--
-- Dumping data for table `department`
--

INSERT INTO `department` (`department_id`, `department_name`) VALUES
(1, 'JHS1'),
(2, 'JHS2'),
(3, 'STEM'),
(4, 'ABM'),
(5, 'HUMSS'),
(6, 'COED'),
(7, 'CAS'),
(8, 'CBA'),
(9, 'MIX');

-- --------------------------------------------------------

--
-- Table structure for table `events`
--

CREATE TABLE `events` (
  `event_id` int(11) NOT NULL,
  `event_name` varchar(255) NOT NULL,
  `event_date_start` datetime NOT NULL,
  `event_date_end` datetime NOT NULL
) ENGINE=InnoDB DEFAULT CHARSET=utf8mb4;

--
-- Dumping data for table `events`
--

INSERT INTO `events` (`event_id`, `event_name`, `event_date_start`, `event_date_end`) VALUES
(1, 'KCC DAYS', '2022-12-05 01:00:15', '2022-12-10 01:00:01');

-- --------------------------------------------------------

--
-- Table structure for table `judges`
--

CREATE TABLE `judges` (
  `judge_id` int(11) NOT NULL,
  `user_id` int(11) NOT NULL,
  `program_id` int(11) NOT NULL
) ENGINE=InnoDB DEFAULT CHARSET=utf8mb4;

--
-- Dumping data for table `judges`
--

INSERT INTO `judges` (`judge_id`, `user_id`, `program_id`) VALUES
(10, 2, 8),
(11, 3, 8),
(12, 4, 8),
(13, 5, 9),
(14, 6, 9),
(15, 7, 9),
(19, 10, 1),
(20, 11, 1),
(21, 12, 1),
(25, 2, 12),
(26, 3, 12),
(27, 4, 12);

-- --------------------------------------------------------

--
-- Table structure for table `participants`
--

CREATE TABLE `participants` (
  `participant_id` int(11) NOT NULL,
  `program_id` int(11) NOT NULL,
  `participant_name` varchar(255) NOT NULL,
  `sex` varchar(11) NOT NULL,
  `department` int(11) NOT NULL
) ENGINE=InnoDB DEFAULT CHARSET=utf8mb4;

--
-- Dumping data for table `participants`
--

INSERT INTO `participants` (`participant_id`, `program_id`, `participant_name`, `sex`, `department`) VALUES
(17, 1, 'RHOUDHEANE MHAR TABANAO & BERNICE ELLAINE', '', 9),
(18, 1, 'CLARENCE KYLE YNCHAUSTI', '', 9),
(19, 1, 'STELVES', '', 9),
(20, 8, 'VINCENT TOLEDO', '', 6),
(21, 8, 'ROY JAVELLANA', '', 7),
(22, 8, 'JUSTINE ESMERALDA', '', 5),
(23, 8, 'OWEN CHRISTOFFE CARPIO', '', 2),
(24, 8, 'JAMES COLLON ALANZA', '', 1),
(25, 8, 'CHOLO LOUISE ABLAO', '', 4),
(26, 8, 'JIMSHER ORDONIA', '', 8),
(27, 8, 'JUSTINE KARL SERNA', '', 3),
(28, 9, 'IRES DULMAN', '', 6),
(29, 9, 'TOBE KATE ILDEFONSO', '', 7),
(30, 9, 'JAYEL DELA CRUZ', '', 5),
(31, 9, 'RAYANNA BARBON', '', 2),
(32, 9, 'ALTHAE MARIE ALEJANDRE', '', 1),
(33, 9, 'RHYMROSE LATOZA', '', 4),
(34, 9, 'LYJE RIANNE CELIS', '', 8),
(35, 9, 'JOJIE PEREZ', '', 3),
(40, 1, 'DEV CERVANTES', '', 9),
(41, 1, 'CHAZELY MAE LOPEZ & DANIELA LAURICO', '', 9),
(42, 1, 'ALIZA FAITH ADOLFO', '', 9),
(43, 1, 'ANDREW BASANTA & PERNILLE SIASON', '', 9),
(44, 1, 'RAM JALE SIPE', '', 9),
(45, 1, 'STEVE MICHAEL DEPASUPIL', '', 9),
(46, 1, 'MARY ANGELINE ADLAON', '', 9),
(47, 0, '', '', 0),
(48, 12, 'part 1', '', 1);

-- --------------------------------------------------------

--
-- Table structure for table `program`
--

CREATE TABLE `program` (
  `program_id` int(11) NOT NULL,
  `program_name` varchar(255) NOT NULL,
  `event_id` int(11) NOT NULL,
  `category_id` int(11) NOT NULL,
  `status` varchar(10) NOT NULL DEFAULT 'active',
  `date` datetime NOT NULL
) ENGINE=InnoDB DEFAULT CHARSET=utf8mb4;

--
-- Dumping data for table `program`
--

INSERT INTO `program` (`program_id`, `program_name`, `event_id`, `category_id`, `status`, `date`) VALUES
(1, 'KCC GOT TALENT SEASON 10', 1, 2, 'active', '2022-11-18 22:16:24'),
(8, 'MR. LARAGWAY 2022', 1, 2, 'active', '2022-11-18 22:16:24'),
(9, 'MISS LARAGWAY 2022', 1, 2, 'active', '2022-11-18 22:16:24'),
(12, 'Miss Intrams', 1, 2, 'active', '0000-00-00 00:00:00');

-- --------------------------------------------------------

--
-- Table structure for table `scores`
--

CREATE TABLE `scores` (
  `score_id` int(11) NOT NULL,
  `program_id` int(11) NOT NULL,
  `judge_id` int(11) NOT NULL,
  `criteria_id` int(11) NOT NULL,
  `participant_id` int(11) NOT NULL,
  `score` varchar(11) NOT NULL,
  `date_time` datetime NOT NULL DEFAULT current_timestamp(),
  `date_time_updated` datetime NOT NULL DEFAULT current_timestamp()
) ENGINE=InnoDB DEFAULT CHARSET=utf8mb4;

--
-- Dumping data for table `scores`
--

INSERT INTO `scores` (`score_id`, `program_id`, `judge_id`, `criteria_id`, `participant_id`, `score`, `date_time`, `date_time_updated`) VALUES
(1, 8, 12, 10, 20, '', '2022-11-18 11:13:49', '2022-12-05 03:59:39'),
(2, 8, 12, 11, 20, '', '2022-11-18 11:13:50', '2022-12-05 03:59:43'),
(3, 8, 12, 12, 20, '', '2022-11-18 11:13:55', '2022-12-05 03:59:44'),
(4, 8, 12, 13, 20, '', '2022-11-18 11:13:56', '2022-12-05 03:59:46'),
(5, 8, 12, 14, 20, '', '2022-11-18 11:13:57', '2022-12-05 03:59:47'),
(6, 8, 12, 14, 21, '', '2022-11-18 11:13:59', '2022-12-05 03:59:55'),
(7, 8, 12, 13, 21, '', '2022-11-18 11:14:00', '2022-12-05 03:59:54'),
(8, 8, 12, 12, 21, '', '2022-11-18 11:14:01', '2022-12-05 03:59:52'),
(9, 8, 12, 11, 21, '', '2022-11-18 11:14:01', '2022-12-05 03:59:50'),
(10, 8, 12, 10, 21, '', '2022-11-18 11:14:02', '2022-12-05 03:59:49'),
(11, 8, 12, 10, 22, '', '2022-11-18 11:14:04', '2022-12-05 03:59:56'),
(12, 8, 12, 11, 22, '', '2022-11-18 11:14:04', '2022-12-05 03:59:57'),
(13, 8, 12, 12, 22, '', '2022-11-18 11:14:05', '2022-12-05 03:59:58'),
(14, 8, 12, 13, 22, '', '2022-11-18 11:14:06', '2022-12-05 03:59:59'),
(15, 8, 12, 14, 22, '', '2022-11-18 11:14:06', '2022-12-05 04:00:00'),
(16, 8, 12, 14, 23, '', '2022-11-18 11:14:07', '2022-12-05 04:00:07'),
(17, 8, 12, 14, 24, '', '2022-11-18 11:14:09', '2022-12-05 04:00:12'),
(18, 8, 12, 13, 23, '', '2022-11-18 11:14:11', '2022-12-05 04:00:05'),
(19, 8, 12, 13, 24, '', '2022-11-18 11:14:11', '2022-12-05 04:00:11'),
(20, 8, 12, 12, 23, '', '2022-11-18 11:14:12', '2022-12-05 04:00:04'),
(21, 8, 12, 12, 24, '', '2022-11-18 11:14:14', '2022-12-05 04:00:10'),
(22, 8, 12, 11, 23, '', '2022-11-18 11:14:14', '2022-12-05 04:00:03'),
(23, 8, 12, 11, 24, '', '2022-11-18 11:14:15', '2022-12-05 04:00:09'),
(24, 8, 12, 10, 23, '', '2022-11-18 11:14:16', '2022-12-05 04:00:02'),
(25, 8, 12, 10, 24, '', '2022-11-18 11:14:19', '2022-12-05 04:00:08'),
(26, 8, 12, 10, 25, '', '2022-11-18 11:14:20', '2022-12-05 04:00:14'),
(27, 8, 12, 11, 25, '', '2022-11-18 11:14:20', '2022-12-05 04:00:15'),
(28, 8, 12, 12, 25, '', '2022-11-18 11:14:21', '2022-12-05 04:00:16'),
(29, 8, 12, 13, 25, '', '2022-11-18 11:14:22', '2022-12-05 04:00:17'),
(30, 8, 12, 14, 25, '', '2022-11-18 11:14:23', '2022-12-05 04:00:19'),
(31, 8, 12, 14, 26, '', '2022-11-18 11:14:24', '2022-12-05 04:00:25'),
(32, 8, 12, 13, 26, '', '2022-11-18 11:14:25', '2022-12-05 04:00:24'),
(33, 8, 12, 13, 27, '', '2022-11-18 11:14:26', '2022-12-05 04:00:33'),
(34, 8, 12, 14, 27, '', '2022-11-18 11:14:27', '2022-12-05 04:00:36'),
(35, 8, 12, 12, 26, '', '2022-11-18 11:14:27', '2022-12-05 04:00:22'),
(36, 8, 12, 12, 27, '', '2022-11-18 11:14:28', '2022-12-05 04:00:31'),
(37, 8, 12, 11, 26, '', '2022-11-18 11:14:29', '2022-12-05 04:00:21'),
(38, 8, 12, 11, 27, '', '2022-11-18 11:14:30', '2022-12-05 04:00:30'),
(39, 8, 12, 10, 27, '', '2022-11-18 11:14:32', '2022-12-05 04:00:29'),
(40, 8, 12, 10, 26, '', '2022-11-18 11:14:33', '2022-12-05 04:00:20'),
(41, 9, 13, 15, 28, '', '2022-11-18 11:14:53', '2022-12-02 03:03:23'),
(42, 9, 13, 16, 28, '', '2022-11-18 11:14:53', '2022-12-02 03:04:11'),
(43, 9, 13, 17, 28, '', '2022-11-18 11:14:54', '2022-12-02 03:04:56'),
(44, 9, 13, 19, 28, '', '2022-11-18 11:14:56', '2022-12-02 03:05:52'),
(45, 9, 13, 18, 28, '', '2022-11-18 11:14:57', '2022-12-02 03:05:13'),
(46, 9, 13, 19, 29, '', '2022-11-18 11:14:57', '2022-12-02 03:05:54'),
(47, 9, 13, 18, 29, '', '2022-11-18 11:14:58', '2022-12-02 03:05:16'),
(48, 9, 13, 17, 29, '', '2022-11-18 11:14:59', '2022-12-02 03:04:58'),
(49, 9, 13, 16, 29, '', '2022-11-18 11:15:01', '2022-12-02 03:04:16'),
(50, 9, 13, 15, 29, '', '2022-11-18 11:15:02', '2022-12-02 03:03:29'),
(51, 9, 13, 15, 30, '', '2022-11-18 11:15:03', '2022-12-02 03:03:39'),
(52, 9, 13, 16, 30, '', '2022-11-18 11:15:04', '2022-12-02 03:04:21'),
(53, 9, 13, 17, 30, '', '2022-11-18 11:15:04', '2022-12-02 03:05:00'),
(54, 9, 13, 18, 30, '', '2022-11-18 11:15:05', '2022-12-02 03:05:19'),
(55, 9, 13, 19, 30, '', '2022-11-18 11:15:06', '2022-12-02 03:05:57'),
(56, 9, 13, 19, 31, '', '2022-11-18 11:15:06', '2022-12-02 03:06:01'),
(57, 9, 13, 19, 32, '', '2022-11-18 11:15:07', '2022-12-02 03:06:11'),
(58, 9, 13, 18, 31, '', '2022-11-18 11:15:08', '2022-12-02 03:05:23'),
(59, 9, 13, 18, 32, '', '2022-11-18 11:15:09', '2022-12-02 03:05:29'),
(60, 9, 13, 17, 31, '', '2022-11-18 11:15:09', '2022-12-02 03:05:01'),
(61, 9, 13, 17, 32, '', '2022-11-18 11:15:10', '2022-12-02 03:05:04'),
(62, 9, 13, 16, 31, '', '2022-11-18 11:15:11', '2022-12-02 03:04:23'),
(63, 9, 13, 16, 32, '', '2022-11-18 11:15:12', '2022-12-02 03:04:25'),
(64, 9, 13, 15, 31, '', '2022-11-18 11:15:15', '2022-12-02 03:03:43'),
(65, 9, 13, 15, 32, '', '2022-11-18 11:15:17', '2022-12-02 03:03:48'),
(66, 9, 13, 15, 33, '', '2022-11-18 11:15:17', '2022-12-02 03:03:54'),
(67, 9, 13, 16, 33, '', '2022-11-18 11:15:18', '2022-12-02 03:04:29'),
(68, 9, 13, 17, 33, '', '2022-11-18 11:15:20', '2022-12-02 03:05:06'),
(69, 9, 13, 18, 33, '', '2022-11-18 11:15:21', '2022-12-02 03:05:37'),
(70, 9, 13, 19, 33, '', '2022-11-18 11:15:22', '2022-12-02 03:06:14'),
(71, 9, 13, 19, 34, '', '2022-11-18 11:15:23', '2022-12-02 03:06:17'),
(72, 9, 13, 19, 35, '', '2022-11-18 11:15:24', '2022-12-02 03:06:20'),
(73, 9, 13, 18, 34, '', '2022-11-18 11:15:24', '2022-12-02 03:05:41'),
(74, 9, 13, 18, 35, '', '2022-11-18 11:15:26', '2022-12-02 03:05:46'),
(75, 9, 13, 17, 34, '', '2022-11-18 11:15:27', '2022-12-02 03:05:08'),
(76, 9, 13, 17, 35, '', '2022-11-18 11:15:28', '2022-12-02 03:05:11'),
(77, 9, 13, 16, 34, '', '2022-11-18 11:15:29', '2022-12-02 03:04:46'),
(78, 9, 13, 16, 35, '', '2022-11-18 11:15:30', '2022-12-02 03:04:52'),
(79, 9, 13, 15, 34, '', '2022-11-18 11:15:32', '2022-12-02 03:03:59'),
(80, 9, 13, 15, 35, '', '2022-11-18 11:15:33', '2022-12-02 03:04:03'),
(81, 9, 14, 15, 28, '', '2022-11-18 11:15:43', '2022-12-02 09:43:33'),
(82, 9, 14, 16, 28, '', '2022-11-18 11:15:44', '2022-12-02 03:04:06'),
(83, 9, 14, 17, 28, '', '2022-11-18 11:15:45', '2022-12-02 03:04:36'),
(84, 9, 14, 18, 28, '', '2022-11-18 11:15:46', '2022-12-02 03:05:01'),
(85, 9, 14, 19, 28, '', '2022-11-18 11:15:51', '2022-12-02 03:05:25'),
(86, 9, 14, 19, 29, '', '2022-11-18 11:15:53', '2022-12-02 03:05:27'),
(87, 9, 14, 18, 29, '', '2022-11-18 11:15:54', '2022-12-02 03:05:04'),
(88, 9, 14, 17, 29, '', '2022-11-18 11:15:55', '2022-12-02 03:04:36'),
(89, 9, 14, 16, 29, '', '2022-11-18 11:15:56', '2022-12-02 03:04:09'),
(90, 9, 14, 15, 29, '', '2022-11-18 11:15:57', '2022-12-02 03:03:31'),
(91, 9, 14, 15, 30, '', '2022-11-18 11:15:57', '2022-12-02 03:03:38'),
(92, 9, 14, 16, 30, '', '2022-11-18 11:15:58', '2022-12-02 03:04:17'),
(93, 9, 14, 17, 30, '', '2022-11-18 11:15:59', '2022-12-02 03:04:38'),
(94, 9, 14, 18, 30, '', '2022-11-18 11:16:00', '2022-12-02 03:05:06'),
(95, 9, 14, 19, 30, '', '2022-11-18 11:16:00', '2022-12-02 03:05:48'),
(96, 9, 14, 19, 31, '', '2022-11-18 11:16:01', '2022-12-02 03:05:50'),
(97, 9, 14, 18, 31, '', '2022-11-18 11:16:02', '2022-12-02 03:05:08'),
(98, 9, 14, 17, 31, '', '2022-11-18 11:16:04', '2022-12-02 03:04:40'),
(99, 9, 14, 16, 31, '', '2022-11-18 11:16:05', '2022-12-02 03:04:19'),
(100, 9, 14, 15, 31, '', '2022-11-18 11:16:06', '2022-12-02 03:03:42'),
(101, 9, 14, 15, 32, '', '2022-11-18 11:16:06', '2022-12-02 03:03:46'),
(102, 9, 14, 16, 32, '', '2022-11-18 11:16:07', '2022-12-02 03:04:21'),
(103, 9, 14, 17, 32, '', '2022-11-18 11:16:08', '2022-12-02 03:04:51'),
(104, 9, 14, 18, 32, '', '2022-11-18 11:16:09', '2022-12-02 03:05:11'),
(105, 9, 14, 19, 32, '', '2022-11-18 11:16:10', '2022-12-02 03:05:52'),
(106, 9, 14, 19, 33, '', '2022-11-18 11:16:11', '2022-12-02 03:05:54'),
(107, 9, 14, 19, 34, '', '2022-11-18 11:16:12', '2022-12-02 03:05:55'),
(108, 9, 14, 19, 35, '', '2022-11-18 11:16:13', '2022-12-02 03:06:02'),
(109, 9, 14, 18, 33, '', '2022-11-18 11:16:14', '2022-12-02 03:05:14'),
(110, 9, 14, 18, 34, '', '2022-11-18 11:16:15', '2022-12-02 03:05:16'),
(111, 9, 14, 18, 35, '', '2022-11-18 11:16:16', '2022-12-02 03:05:20'),
(112, 9, 14, 17, 33, '', '2022-11-18 11:16:17', '2022-12-02 03:04:52'),
(113, 9, 14, 17, 34, '', '2022-11-18 11:16:18', '2022-12-02 03:04:53'),
(114, 9, 14, 17, 35, '', '2022-11-18 11:16:19', '2022-12-02 03:04:56'),
(115, 9, 14, 16, 33, '', '2022-11-18 11:16:20', '2022-12-02 03:04:23'),
(116, 9, 14, 16, 34, '', '2022-11-18 11:16:22', '2022-12-02 03:04:25'),
(117, 9, 14, 16, 35, '', '2022-11-18 11:16:24', '2022-12-02 03:04:30'),
(118, 9, 14, 15, 33, '', '2022-11-18 11:16:25', '2022-12-02 03:03:50'),
(119, 9, 14, 15, 34, '', '2022-11-18 11:16:26', '2022-12-02 03:03:55'),
(120, 9, 14, 15, 35, '', '2022-11-18 11:16:27', '2022-12-02 03:04:00'),
(121, 8, 11, 10, 20, '', '2022-11-18 11:16:39', '2022-12-05 03:56:43'),
(122, 8, 11, 11, 20, '', '2022-11-18 11:16:40', '2022-12-05 03:56:46'),
(123, 8, 11, 12, 20, '', '2022-11-18 11:16:40', '2022-12-05 03:56:47'),
(124, 8, 11, 13, 20, '', '2022-11-18 11:16:41', '2022-12-05 03:56:49'),
(125, 8, 11, 14, 20, '', '2022-11-18 11:16:42', '2022-12-05 03:56:51'),
(126, 8, 11, 14, 21, '', '2022-11-18 11:16:43', '2022-12-05 03:57:01'),
(127, 8, 11, 13, 21, '', '2022-11-18 11:16:44', '2022-12-05 03:56:58'),
(128, 8, 11, 12, 21, '', '2022-11-18 11:16:44', '2022-12-05 03:56:55'),
(129, 8, 11, 11, 21, '', '2022-11-18 11:16:45', '2022-12-05 03:56:55'),
(130, 8, 11, 10, 21, '', '2022-11-18 11:16:46', '2022-12-05 03:56:53'),
(131, 8, 11, 10, 22, '', '2022-11-18 11:16:46', '2022-12-05 03:57:04'),
(132, 8, 11, 11, 22, '', '2022-11-18 11:16:47', '2022-12-05 03:57:05'),
(133, 8, 11, 12, 22, '', '2022-11-18 11:16:48', '2022-12-05 03:57:06'),
(134, 8, 11, 13, 22, '', '2022-11-18 11:16:48', '2022-12-05 03:57:07'),
(135, 8, 11, 14, 22, '', '2022-11-18 11:16:49', '2022-12-05 03:57:08'),
(136, 8, 11, 14, 23, '', '2022-11-18 11:16:49', '2022-12-05 03:57:18'),
(137, 8, 11, 13, 23, '', '2022-11-18 11:16:51', '2022-12-05 03:57:17'),
(138, 8, 11, 12, 23, '', '2022-11-18 11:16:52', '2022-12-05 03:57:16'),
(139, 8, 11, 10, 23, '', '2022-11-18 11:16:54', '2022-12-05 03:57:13'),
(140, 8, 11, 11, 23, '', '2022-11-18 11:16:55', '2022-12-05 03:57:15'),
(141, 8, 11, 11, 24, '', '2022-11-18 11:16:56', '2022-12-05 03:57:21'),
(142, 8, 11, 10, 24, '', '2022-11-18 11:16:57', '2022-12-05 03:57:19'),
(143, 8, 11, 12, 24, '', '2022-11-18 11:16:59', '2022-12-05 03:57:22'),
(144, 8, 11, 13, 24, '', '2022-11-18 11:17:01', '2022-12-05 03:57:24'),
(145, 8, 11, 14, 24, '', '2022-11-18 11:17:01', '2022-12-05 03:57:24'),
(146, 8, 11, 14, 25, '', '2022-11-18 11:17:02', '2022-12-05 03:57:33'),
(147, 8, 11, 13, 25, '', '2022-11-18 11:17:03', '2022-12-05 03:57:32'),
(148, 8, 11, 12, 25, '', '2022-11-18 11:17:04', '2022-12-05 03:57:31'),
(149, 8, 11, 11, 25, '', '2022-11-18 11:17:05', '2022-12-05 03:57:30'),
(150, 8, 11, 10, 25, '', '2022-11-18 11:17:06', '2022-12-05 03:57:28'),
(151, 8, 11, 10, 26, '', '2022-11-18 11:17:07', '2022-12-05 03:57:35'),
(152, 8, 11, 11, 26, '', '2022-11-18 11:17:08', '2022-12-05 03:57:37'),
(153, 8, 11, 12, 26, '', '2022-11-18 11:17:09', '2022-12-05 03:57:38'),
(154, 8, 11, 13, 26, '', '2022-11-18 11:17:10', '2022-12-05 03:57:43'),
(155, 8, 11, 14, 26, '', '2022-11-18 11:17:11', '2022-12-05 03:57:44'),
(156, 8, 11, 14, 27, '', '2022-11-18 11:17:13', '2022-12-05 03:57:50'),
(157, 8, 11, 13, 27, '', '2022-11-18 11:17:13', '2022-12-05 03:57:49'),
(158, 8, 11, 12, 27, '', '2022-11-18 11:17:14', '2022-12-05 03:57:48'),
(159, 8, 11, 11, 27, '', '2022-11-18 11:17:15', '2022-12-05 03:57:48'),
(160, 8, 11, 10, 27, '', '2022-11-18 11:17:16', '2022-12-05 03:57:46'),
(161, 8, 10, 10, 20, '23', '2022-11-18 11:17:23', '2023-02-05 15:17:47'),
(162, 8, 10, 11, 20, '15', '2022-11-18 11:17:24', '2023-02-05 15:17:53'),
(163, 8, 10, 12, 20, '', '2022-11-18 11:17:24', '2022-12-09 03:40:32'),
(164, 8, 10, 14, 20, '', '2022-11-18 11:17:26', '2022-12-09 03:20:38'),
(165, 8, 10, 13, 20, '', '2022-11-18 11:17:27', '2022-12-09 03:20:38'),
(166, 8, 10, 14, 21, '', '2022-11-18 11:17:29', '2022-12-05 03:44:26'),
(167, 8, 10, 13, 21, '', '2022-11-18 11:17:31', '2022-12-05 03:44:24'),
(168, 8, 10, 12, 21, '', '2022-11-18 11:17:34', '2022-12-05 03:44:23'),
(169, 8, 10, 11, 21, '10', '2022-11-18 11:17:35', '2023-02-05 15:17:57'),
(170, 8, 10, 10, 21, '22', '2022-11-18 11:17:37', '2023-02-05 15:18:05'),
(171, 8, 10, 10, 22, '', '2022-11-18 11:17:37', '2022-12-09 02:52:19'),
(172, 8, 10, 11, 22, '', '2022-11-18 11:17:38', '2022-12-09 04:04:37'),
(173, 8, 10, 12, 22, '', '2022-11-18 11:17:39', '2022-12-05 03:44:31'),
(174, 8, 10, 13, 22, '', '2022-11-18 11:17:40', '2022-12-05 03:44:32'),
(175, 8, 10, 14, 22, '', '2022-11-18 11:17:42', '2022-12-05 03:44:33'),
(176, 8, 10, 14, 23, '', '2022-11-18 11:17:43', '2022-12-05 03:44:41'),
(177, 8, 10, 13, 23, '', '2022-11-18 11:17:47', '2022-12-05 03:44:40'),
(178, 8, 10, 12, 23, '', '2022-11-18 11:17:47', '2022-12-05 03:44:39'),
(179, 8, 10, 10, 23, '', '2022-11-18 11:17:49', '2022-12-09 02:52:20'),
(180, 8, 10, 11, 23, '', '2022-11-18 11:17:50', '2022-12-09 04:04:38'),
(181, 8, 10, 10, 24, '', '2022-11-18 11:17:52', '2022-12-09 02:52:21'),
(182, 8, 10, 11, 24, '', '2022-11-18 11:17:52', '2022-12-09 04:04:38'),
(183, 8, 10, 12, 24, '', '2022-11-18 11:17:53', '2022-12-05 03:44:46'),
(184, 8, 10, 13, 24, '', '2022-11-18 11:17:54', '2022-12-05 03:44:47'),
(185, 8, 10, 14, 24, '', '2022-11-18 11:17:58', '2022-12-05 03:44:48'),
(186, 8, 10, 14, 25, '', '2022-11-18 11:18:00', '2022-12-05 03:44:58'),
(187, 8, 10, 13, 25, '', '2022-11-18 11:18:01', '2022-12-05 03:44:57'),
(188, 8, 10, 12, 25, '', '2022-11-18 11:18:03', '2022-12-05 03:44:56'),
(189, 8, 10, 11, 25, '', '2022-11-18 11:18:04', '2022-12-09 04:04:39'),
(190, 8, 10, 10, 25, '', '2022-11-18 11:18:05', '2022-12-09 02:52:23'),
(191, 8, 10, 11, 26, '', '2022-11-18 11:18:08', '2022-12-09 04:04:39'),
(192, 8, 10, 12, 26, '', '2022-11-18 11:18:09', '2022-12-05 03:45:02'),
(193, 8, 10, 13, 26, '', '2022-11-18 11:18:09', '2022-12-05 03:45:03'),
(194, 8, 10, 14, 26, '', '2022-11-18 11:18:10', '2022-12-05 03:45:04'),
(195, 8, 10, 14, 27, '', '2022-11-18 11:18:11', '2022-12-05 03:45:25'),
(196, 8, 10, 13, 27, '', '2022-11-18 11:18:12', '2022-12-05 03:45:09'),
(197, 8, 10, 12, 27, '', '2022-11-18 11:18:13', '2022-12-05 03:45:08'),
(198, 8, 10, 11, 27, '', '2022-11-18 11:18:14', '2022-12-09 04:04:40'),
(199, 8, 10, 10, 27, '', '2022-11-18 11:18:15', '2022-12-09 02:52:25'),
(200, 8, 10, 10, 26, '', '2022-11-18 11:18:16', '2022-12-09 02:52:24'),
(201, 9, 15, 15, 28, '', '2022-11-18 11:19:24', '2022-12-02 03:03:08'),
(202, 9, 15, 16, 28, '', '2022-11-18 11:19:26', '2022-12-02 03:03:27'),
(203, 9, 15, 17, 28, '', '2022-11-18 11:19:26', '2022-12-02 03:03:55'),
(204, 9, 15, 18, 28, '', '2022-11-18 11:19:27', '2022-12-02 03:04:26'),
(205, 9, 15, 19, 28, '', '2022-11-18 11:19:28', '2022-12-02 03:04:49'),
(206, 9, 15, 19, 29, '', '2022-11-18 11:19:28', '2022-12-02 03:04:50'),
(207, 9, 15, 18, 29, '', '2022-11-18 11:19:29', '2022-12-02 03:04:28'),
(208, 9, 15, 17, 29, '', '2022-11-18 11:19:30', '2022-12-02 03:04:38'),
(209, 9, 15, 16, 29, '', '2022-11-18 11:19:32', '2022-12-02 03:04:36'),
(210, 9, 15, 15, 29, '', '2022-11-18 11:19:33', '2022-12-02 03:03:09'),
(211, 9, 15, 15, 30, '', '2022-11-18 11:19:34', '2022-12-02 03:03:11'),
(212, 9, 15, 16, 30, '', '2022-11-18 11:19:35', '2022-12-02 03:03:30'),
(213, 9, 15, 17, 30, '', '2022-11-18 11:19:36', '2022-12-02 03:03:57'),
(214, 9, 15, 18, 30, '', '2022-11-18 11:19:37', '2022-12-02 03:04:30'),
(215, 9, 15, 19, 30, '', '2022-11-18 11:19:38', '2022-12-02 03:04:51'),
(216, 9, 15, 19, 31, '', '2022-11-18 11:19:39', '2022-12-02 03:04:52'),
(217, 9, 15, 18, 31, '', '2022-11-18 11:19:39', '2022-12-02 03:04:40'),
(218, 9, 15, 17, 31, '', '2022-11-18 11:19:41', '2022-12-02 03:03:58'),
(219, 9, 15, 16, 31, '', '2022-11-18 11:19:42', '2022-12-02 03:03:31'),
(220, 9, 15, 15, 31, '', '2022-11-18 11:19:43', '2022-12-02 03:03:12'),
(221, 9, 15, 15, 32, '', '2022-11-18 11:19:44', '2022-12-02 03:03:13'),
(222, 9, 15, 16, 32, '', '2022-11-18 11:19:45', '2022-12-02 03:03:37'),
(223, 9, 15, 17, 32, '', '2022-11-18 11:19:46', '2022-12-02 03:03:59'),
(224, 9, 15, 18, 32, '', '2022-11-18 11:19:47', '2022-12-02 03:04:41'),
(225, 9, 15, 19, 32, '', '2022-11-18 11:19:48', '2022-12-02 03:04:52'),
(226, 9, 15, 19, 33, '', '2022-11-18 11:19:49', '2022-12-02 03:04:54'),
(227, 9, 15, 18, 34, '', '2022-11-18 11:19:50', '2022-12-02 03:04:43'),
(228, 9, 15, 18, 33, '', '2022-11-18 11:19:51', '2022-12-02 03:04:41'),
(229, 9, 15, 19, 34, '', '2022-11-18 11:19:52', '2022-12-02 03:04:56'),
(230, 9, 15, 17, 33, '', '2022-11-18 11:19:53', '2022-12-02 03:04:01'),
(231, 9, 15, 17, 34, '', '2022-11-18 11:19:53', '2022-12-02 03:04:02'),
(232, 9, 15, 16, 33, '', '2022-11-18 11:19:54', '2022-12-02 03:03:38'),
(233, 9, 15, 16, 34, '', '2022-11-18 11:19:55', '2022-12-02 03:03:40'),
(234, 9, 15, 15, 33, '', '2022-11-18 11:19:56', '2022-12-02 03:03:22'),
(235, 9, 15, 15, 34, '', '2022-11-18 11:19:57', '2022-12-02 03:03:23'),
(236, 9, 15, 15, 35, '', '2022-11-18 11:19:58', '2022-12-02 03:03:26'),
(237, 9, 15, 16, 35, '', '2022-11-18 11:19:58', '2022-12-02 03:03:41'),
(238, 9, 15, 17, 35, '', '2022-11-18 11:20:00', '2022-12-02 03:04:06'),
(239, 9, 15, 18, 35, '', '2022-11-18 11:20:01', '2022-12-02 03:04:45'),
(240, 9, 15, 19, 35, '', '2022-11-18 11:20:02', '2022-12-02 03:04:58'),
(314, 1, 19, 1, 17, '', '2022-11-21 15:54:51', '2022-12-08 06:40:03'),
(315, 1, 19, 1, 18, '', '2022-11-21 15:54:51', '2022-12-08 06:40:03'),
(316, 1, 19, 1, 19, '', '2022-11-21 15:54:51', '2022-12-08 06:40:04'),
(317, 1, 19, 1, 40, '', '2022-11-21 15:54:51', '2022-12-08 06:40:05'),
(318, 1, 19, 1, 41, '', '2022-11-21 15:54:51', '2022-12-08 06:40:05'),
(319, 1, 19, 1, 42, '', '2022-11-21 15:54:51', '2022-12-08 06:40:06'),
(320, 1, 19, 1, 43, '', '2022-11-21 15:54:51', '2022-12-08 06:40:07'),
(321, 1, 19, 1, 44, '', '2022-11-21 15:54:51', '2022-12-08 06:40:08'),
(322, 1, 19, 1, 45, '', '2022-11-21 15:54:51', '2022-12-08 06:40:08'),
(323, 1, 19, 1, 46, '', '2022-11-21 15:54:51', '2022-12-08 06:40:09'),
(324, 1, 19, 2, 17, '', '2022-11-21 15:54:51', '2022-12-08 06:40:28'),
(325, 1, 19, 2, 18, '', '2022-11-21 15:54:51', '2022-12-08 06:40:28'),
(326, 1, 19, 2, 19, '', '2022-11-21 15:54:51', '2022-12-08 06:40:29'),
(327, 1, 19, 2, 40, '', '2022-11-21 15:54:51', '2022-12-08 06:40:32'),
(328, 1, 19, 2, 41, '', '2022-11-21 15:54:51', '2022-12-08 06:40:33'),
(329, 1, 19, 2, 42, '', '2022-11-21 15:54:51', '2022-12-08 06:40:35'),
(330, 1, 19, 2, 43, '', '2022-11-21 15:54:51', '2022-12-08 06:40:36'),
(331, 1, 19, 2, 44, '', '2022-11-21 15:54:51', '2022-12-08 06:40:38'),
(332, 1, 19, 2, 45, '', '2022-11-21 15:54:51', '2022-12-08 06:40:38'),
(333, 1, 19, 2, 46, '', '2022-11-21 15:54:51', '2022-12-08 06:40:40'),
(334, 1, 19, 3, 17, '', '2022-11-21 15:54:51', '2022-11-27 16:20:00'),
(335, 1, 19, 3, 18, '', '2022-11-21 15:54:51', '2022-11-27 16:20:10'),
(336, 1, 19, 3, 19, '', '2022-11-21 15:54:51', '2022-11-27 16:20:12'),
(337, 1, 19, 3, 40, '', '2022-11-21 15:54:51', '2022-11-27 16:20:13'),
(338, 1, 19, 3, 41, '', '2022-11-21 15:54:51', '2022-11-27 16:20:14'),
(339, 1, 19, 3, 42, '', '2022-11-21 15:54:51', '2022-11-27 16:20:14'),
(340, 1, 19, 3, 43, '', '2022-11-21 15:54:51', '2022-11-27 16:20:15'),
(341, 1, 19, 3, 44, '', '2022-11-21 15:54:51', '2022-11-27 16:20:17'),
(342, 1, 19, 3, 45, '', '2022-11-21 15:54:51', '2022-11-27 16:20:18'),
(343, 1, 19, 3, 46, '', '2022-11-21 15:54:51', '2022-11-27 16:20:19'),
(344, 1, 20, 1, 17, '', '2022-11-21 15:54:51', '2022-11-21 15:54:51'),
(345, 1, 20, 1, 18, '', '2022-11-21 15:54:51', '2022-11-21 15:54:51'),
(346, 1, 20, 1, 19, '', '2022-11-21 15:54:51', '2022-11-21 15:54:51'),
(347, 1, 20, 1, 40, '', '2022-11-21 15:54:51', '2022-11-21 15:54:51'),
(348, 1, 20, 1, 41, '', '2022-11-21 15:54:51', '2022-11-21 15:54:51'),
(349, 1, 20, 1, 42, '', '2022-11-21 15:54:51', '2022-11-21 15:54:51'),
(350, 1, 20, 1, 43, '', '2022-11-21 15:54:51', '2022-11-21 15:54:51'),
(351, 1, 20, 1, 44, '', '2022-11-21 15:54:51', '2022-11-21 15:54:51'),
(352, 1, 20, 1, 45, '', '2022-11-21 15:54:51', '2022-11-21 15:54:51'),
(353, 1, 20, 1, 46, '', '2022-11-21 15:54:51', '2022-11-21 15:54:51'),
(354, 1, 20, 2, 17, '', '2022-11-21 15:54:51', '2022-11-21 15:54:51'),
(355, 1, 20, 2, 18, '', '2022-11-21 15:54:51', '2022-11-21 15:54:51'),
(356, 1, 20, 2, 19, '', '2022-11-21 15:54:51', '2022-11-21 15:54:51'),
(357, 1, 20, 2, 40, '', '2022-11-21 15:54:51', '2022-11-21 15:54:51'),
(358, 1, 20, 2, 41, '', '2022-11-21 15:54:51', '2022-11-21 15:54:51'),
(359, 1, 20, 2, 42, '', '2022-11-21 15:54:51', '2022-11-21 15:54:51'),
(360, 1, 20, 2, 43, '', '2022-11-21 15:54:51', '2022-11-21 15:54:51'),
(361, 1, 20, 2, 44, '', '2022-11-21 15:54:51', '2022-11-21 15:54:51'),
(362, 1, 20, 2, 45, '', '2022-11-21 15:54:51', '2022-11-21 15:54:51'),
(363, 1, 20, 2, 46, '', '2022-11-21 15:54:51', '2022-11-21 15:54:51'),
(364, 1, 20, 3, 17, '', '2022-11-21 15:54:51', '2022-11-21 15:54:51'),
(365, 1, 20, 3, 18, '', '2022-11-21 15:54:51', '2022-11-21 15:54:51'),
(366, 1, 20, 3, 19, '', '2022-11-21 15:54:51', '2022-11-21 15:54:51'),
(367, 1, 20, 3, 40, '', '2022-11-21 15:54:51', '2022-11-21 15:54:51'),
(368, 1, 20, 3, 41, '', '2022-11-21 15:54:51', '2022-11-21 15:54:51'),
(369, 1, 20, 3, 42, '', '2022-11-21 15:54:51', '2022-11-21 15:54:51'),
(370, 1, 20, 3, 43, '', '2022-11-21 15:54:51', '2022-11-21 15:54:51'),
(371, 1, 20, 3, 44, '', '2022-11-21 15:54:51', '2022-11-21 15:54:51'),
(372, 1, 20, 3, 45, '', '2022-11-21 15:54:51', '2022-11-21 15:54:51'),
(373, 1, 20, 3, 46, '', '2022-11-21 15:54:51', '2022-11-21 15:54:51'),
(374, 1, 21, 1, 17, '', '2022-11-21 15:54:51', '2022-12-08 06:44:12'),
(375, 1, 21, 1, 18, '', '2022-11-21 15:54:51', '2022-11-21 15:54:51'),
(376, 1, 21, 1, 19, '', '2022-11-21 15:54:51', '2022-11-21 15:54:51'),
(377, 1, 21, 1, 40, '', '2022-11-21 15:54:51', '2022-11-21 15:54:51'),
(378, 1, 21, 1, 41, '', '2022-11-21 15:54:51', '2022-11-21 15:54:51'),
(379, 1, 21, 1, 42, '', '2022-11-21 15:54:51', '2022-11-21 15:54:51'),
(380, 1, 21, 1, 43, '', '2022-11-21 15:54:51', '2022-11-21 15:54:51'),
(381, 1, 21, 1, 44, '', '2022-11-21 15:54:51', '2022-11-21 15:54:51'),
(382, 1, 21, 1, 45, '', '2022-11-21 15:54:51', '2022-11-21 15:54:51'),
(383, 1, 21, 1, 46, '', '2022-11-21 15:54:51', '2022-11-21 15:54:51'),
(384, 1, 21, 2, 17, '', '2022-11-21 15:54:51', '2022-11-21 15:54:51'),
(385, 1, 21, 2, 18, '', '2022-11-21 15:54:51', '2022-11-21 15:54:51'),
(386, 1, 21, 2, 19, '', '2022-11-21 15:54:51', '2022-11-21 15:54:51'),
(387, 1, 21, 2, 40, '', '2022-11-21 15:54:51', '2022-11-21 15:54:51'),
(388, 1, 21, 2, 41, '', '2022-11-21 15:54:51', '2022-11-21 15:54:51'),
(389, 1, 21, 2, 42, '', '2022-11-21 15:54:51', '2022-11-21 15:54:51'),
(390, 1, 21, 2, 43, '', '2022-11-21 15:54:51', '2022-11-21 15:54:51'),
(391, 1, 21, 2, 44, '', '2022-11-21 15:54:51', '2022-11-21 15:54:51'),
(392, 1, 21, 2, 45, '', '2022-11-21 15:54:51', '2022-11-21 15:54:51'),
(393, 1, 21, 2, 46, '', '2022-11-21 15:54:51', '2022-11-21 15:54:51'),
(394, 1, 21, 3, 17, '', '2022-11-21 15:54:51', '2022-11-21 15:54:51'),
(395, 1, 21, 3, 18, '', '2022-11-21 15:54:51', '2022-11-21 15:54:51'),
(396, 1, 21, 3, 19, '', '2022-11-21 15:54:51', '2022-11-21 15:54:51'),
(397, 1, 21, 3, 40, '', '2022-11-21 15:54:51', '2022-11-21 15:54:51'),
(398, 1, 21, 3, 41, '', '2022-11-21 15:54:51', '2022-11-21 15:54:51'),
(399, 1, 21, 3, 42, '', '2022-11-21 15:54:51', '2022-11-21 15:54:51'),
(400, 1, 21, 3, 43, '', '2022-11-21 15:54:51', '2022-11-21 15:54:51'),
(401, 1, 21, 3, 44, '', '2022-11-21 15:54:51', '2022-11-21 15:54:51'),
(402, 1, 21, 3, 45, '', '2022-11-21 15:54:51', '2022-11-21 15:54:51'),
(403, 1, 21, 3, 46, '', '2022-11-21 15:54:51', '2022-11-21 15:54:51'),
(404, 12, 25, 25, 48, '9', '2023-03-11 16:12:00', '2023-03-11 16:12:00'),
(405, 12, 25, 26, 48, '28', '2023-03-11 16:12:03', '2023-03-11 16:12:03'),
(406, 12, 25, 27, 48, '35', '2023-03-11 16:12:06', '2023-03-11 16:12:06'),
(407, 12, 25, 28, 48, '18', '2023-03-11 16:12:09', '2023-03-11 16:12:09');

-- --------------------------------------------------------

--
-- Table structure for table `users`
--

CREATE TABLE `users` (
  `id` int(11) NOT NULL,
  `fullname` varchar(255) NOT NULL,
  `username` varchar(255) NOT NULL,
  `password` varchar(255) NOT NULL,
  `email` varchar(255) NOT NULL,
  `usertype` varchar(255) NOT NULL,
  `date_created` datetime NOT NULL DEFAULT current_timestamp(),
  `date_updated` datetime NOT NULL DEFAULT current_timestamp()
) ENGINE=InnoDB DEFAULT CHARSET=utf8mb4;

--
-- Dumping data for table `users`
--

INSERT INTO `users` (`id`, `fullname`, `username`, `password`, `email`, `usertype`, `date_created`, `date_updated`) VALUES
(1, 'Administrator', 'admin', '1', 'admin@admin.com', 'admin', '2022-11-11 16:05:01', '2022-11-11 16:05:01'),
(2, 'Judge 1', 'Judge1', 'j1', 'judge1@demo.com', 'judge', '2022-11-11 16:13:33', '2022-12-04 21:05:55'),
(3, 'Judge 2', 'Judge2', 'j2', 'judge2@demo.com', 'judge', '2022-11-11 16:13:40', '2022-12-04 21:06:01'),
(4, 'Judge 3', 'Judge3', 'j3', 'judge3@demo.com', 'judge', '2022-11-11 16:13:43', '2022-12-04 21:06:05'),
(5, 'Judge 4', 'Judge4', 'j4', 'judge4@demo.com', 'judge', '2022-11-11 16:13:46', '2022-12-04 21:06:10'),
(6, 'Judge 5', 'Judge5', 'j5', 'judge5@demo.com', 'judge', '2022-11-11 16:22:46', '2022-12-04 21:06:16'),
(7, 'Judge 6', 'Judge6', 'j6', 'judge6@demo.com', 'judge', '2022-11-11 16:22:57', '2022-12-04 21:06:21'),
(8, 'Tabulator 1', 'tab1', '1', 'tabulator@demo.com', 'tabulator', '2022-11-13 15:42:05', '2022-12-04 21:04:17'),
(9, 'Tabulator 2', 'tab2', '1', 'tabulator2@gmail.com', 'tabulator', '2022-11-13 15:42:30', '2022-12-04 21:04:28'),
(10, 'KGT JUDGE 1', 'kgt1', '1', 'kgtjudge1@demo.com', 'judge', '2022-11-18 08:29:38', '2022-12-04 21:04:35'),
(11, 'KGT JUDGE 2', 'kgt2', '1', 'kgtjudge2@demo.com', 'judge', '2022-11-18 08:29:58', '2022-12-04 21:04:55'),
(12, 'KGT JUDGE 3', 'kgt3', '1', 'kgtjudge3@demo.com', 'judge', '2022-11-18 08:30:28', '2022-12-04 21:05:01');

--
-- Indexes for dumped tables
--

--
-- Indexes for table `category`
--
ALTER TABLE `category`
  ADD PRIMARY KEY (`category_id`);

--
-- Indexes for table `criteria`
--
ALTER TABLE `criteria`
  ADD PRIMARY KEY (`criteria_id`);

--
-- Indexes for table `department`
--
ALTER TABLE `department`
  ADD PRIMARY KEY (`department_id`);

--
-- Indexes for table `events`
--
ALTER TABLE `events`
  ADD PRIMARY KEY (`event_id`);

--
-- Indexes for table `judges`
--
ALTER TABLE `judges`
  ADD PRIMARY KEY (`judge_id`);

--
-- Indexes for table `participants`
--
ALTER TABLE `participants`
  ADD PRIMARY KEY (`participant_id`);

--
-- Indexes for table `program`
--
ALTER TABLE `program`
  ADD PRIMARY KEY (`program_id`);

--
-- Indexes for table `scores`
--
ALTER TABLE `scores`
  ADD PRIMARY KEY (`score_id`);

--
-- Indexes for table `users`
--
ALTER TABLE `users`
  ADD PRIMARY KEY (`id`);

--
-- AUTO_INCREMENT for dumped tables
--

--
-- AUTO_INCREMENT for table `category`
--
ALTER TABLE `category`
  MODIFY `category_id` int(11) NOT NULL AUTO_INCREMENT, AUTO_INCREMENT=5;

--
-- AUTO_INCREMENT for table `criteria`
--
ALTER TABLE `criteria`
  MODIFY `criteria_id` int(11) NOT NULL AUTO_INCREMENT, AUTO_INCREMENT=29;

--
-- AUTO_INCREMENT for table `department`
--
ALTER TABLE `department`
  MODIFY `department_id` int(11) NOT NULL AUTO_INCREMENT, AUTO_INCREMENT=10;

--
-- AUTO_INCREMENT for table `events`
--
ALTER TABLE `events`
  MODIFY `event_id` int(11) NOT NULL AUTO_INCREMENT, AUTO_INCREMENT=3;

--
-- AUTO_INCREMENT for table `judges`
--
ALTER TABLE `judges`
  MODIFY `judge_id` int(11) NOT NULL AUTO_INCREMENT, AUTO_INCREMENT=28;

--
-- AUTO_INCREMENT for table `participants`
--
ALTER TABLE `participants`
  MODIFY `participant_id` int(11) NOT NULL AUTO_INCREMENT, AUTO_INCREMENT=49;

--
-- AUTO_INCREMENT for table `program`
--
ALTER TABLE `program`
  MODIFY `program_id` int(11) NOT NULL AUTO_INCREMENT, AUTO_INCREMENT=13;

--
-- AUTO_INCREMENT for table `scores`
--
ALTER TABLE `scores`
  MODIFY `score_id` int(11) NOT NULL AUTO_INCREMENT, AUTO_INCREMENT=408;

--
-- AUTO_INCREMENT for table `users`
--
ALTER TABLE `users`
  MODIFY `id` int(11) NOT NULL AUTO_INCREMENT, AUTO_INCREMENT=13;
COMMIT;

/*!40101 SET CHARACTER_SET_CLIENT=@OLD_CHARACTER_SET_CLIENT */;
/*!40101 SET CHARACTER_SET_RESULTS=@OLD_CHARACTER_SET_RESULTS */;
/*!40101 SET COLLATION_CONNECTION=@OLD_COLLATION_CONNECTION */;
